Manager,TotalSales,TotalProfit,AverageProfitMargin
Alice,3360.78,952.91,0.461384752
Diana,6504.14,1936.83,0.365870989
Bob,1598.96,636.4,1.155978734
Charlie,5142.61,1362.77,0.344402208
